<?xml version="1.0" encoding="UTF-8"?>
<project-private xmlns="http://www.netbeans.org/ns/project-private/1">
    <editor-bookmarks xmlns="http://www.netbeans.org/ns/editor-bookmarks/2" lastBookmarkId="0"/>
    <open-files xmlns="http://www.netbeans.org/ns/projectui-open-files/2">
        <group>
            <file>file:/Users/macos/Desktop/EjmeploCrudVideo/src/ejmeplocrudvideo/EjmeploCrudVideo.java</file>
            <file>file:/Users/macos/Desktop/EjmeploCrudVideo/src/Vista/VistaHome.java</file>
            <file>file:/Users/macos/Desktop/EjmeploCrudVideo/src/Conec/consultasDb.java</file>
            <file>file:/Users/macos/Desktop/EjmeploCrudVideo/src/Controlador/ControladorVistaHome.java</file>
        </group>
    </open-files>
</project-private>
